fullName,firstName,lastName,userName,phone,fax,personalEmail
Zoya Hawes,Zoya,Hawes,zhawes,495-751-5786,(903) 926-7487,robin_nolan45@gmail.com
Ellouise Clay,Ellouise,Clay,eclay,936-403-5464,(843) 628-5831,micaela.gorczany@hotmail.com
Jevon Wills,Jevon,Wills,jwills,500-394-4014,(699) 599-6154,berenice_kling8@hotmail.com
Abdirahman Avery,Abdirahman,Avery,aavery,957-486-4426,(270) 598-7368,davonte72@gmail.com
Robson Swift,Robson,Swift,rswift,672-933-3450,(811) 256-4143,arely_rosenbaum@hotmail.com
Millicent Norton,Millicent,Norton,mnorton,791-805-9003,(559) 733-2922,trisha82@yahoo.com
Isadora Joyce,Isadora,Joyce,ijoyce,661-532-9783,(931) 873-7881,madie.kling@yahoo.com
Krish Macdonald,Krish,Macdonald,kmacdonald,975-295-7466,(859) 714-8094,alex.wintheiser95@gmail.com
Aditi Andrews,Aditi,Andrews,aandrews,433-352-2108,(749) 532-7379,alexys_hahn2@hotmail.com
Montgomery Levy,Montgomery,Levy,mlevy,332-717-7912,(567) 812-5526,aglae_jast30@hotmail.com
Manal Valencia,Manal,Valencia,mvalencia,308-753-2962,(490) 284-7212,candido17@yahoo.com
Diego Page,Diego,Page,dpage,620-398-7261,(826) 879-5527,darius_ryan40@hotmail.com
Bernadette Lucero,Bernadette,Lucero,blucero,617-521-5690,(267) 583-0641,ivory72@yahoo.com
Freddy Partridge,Freddy,Partridge,fpartridge,593-307-5230,(856) 265-9982,burdette80@hotmail.com
Theon Campos,Theon,Campos,tcampos,453-940-7029,(272) 468-7879,vickie.baumbach@hotmail.com
Adrienne Steadman,Adrienne,Steadman,asteadman,843-704-3378,(740) 659-2923,lou_funk@gmail.com
Beth Giles,Beth,Giles,bgiles,600-999-0301,(716) 743-3827,kaelyn.herman57@hotmail.com
Olivier Rodrigues,Olivier,Rodrigues,orodrigues,444-645-3486,(865) 270-1646,roxane_gibson@gmail.com
Roxy Bloom,Roxy,Bloom,rbloom,404-750-3203,(658) 276-6273,daija.nader65@gmail.com
Vernon Parry,Vernon,Parry,vparry,757-839-0857,(735) 271-6194,victoria56@hotmail.com
Amandeep Charles,Amandeep,Charles,acharles,996-572-7161,(612) 630-4321,jeromy52@hotmail.com
Rivka Alvarado,Rivka,Alvarado,ralvarado,800-209-6436,(493) 376-9368,morris_moen@hotmail.com
Alaina Pugh,Alaina,Pugh,apugh,422-826-1427,(644) 489-3719,obie10@yahoo.com
Bear Hilton,Bear,Hilton,bhilton,729-403-3673,(959) 929-0761,maya.corwin1@gmail.com
Grady David,Grady,David,gdavid,217-674-5780,(275) 783-2463,elizabeth.ortiz71@yahoo.com
Zaydan Rayner,Zaydan,Rayner,zrayner,878-458-9837,(895) 408-7867,isac20@gmail.com
Haleema Pemberton,Haleema,Pemberton,hpemberton,457-563-6545,(888) 560-2614,hayley.russel29@yahoo.com
Jadene Strickland,Jadene,Strickland,jstrickland,818-273-6929,(872) 715-8957,donato_cartwright@gmail.com
Miruna Sierra,Miruna,Sierra,msierra,677-354-1290,(964) 302-5932,mafalda68@hotmail.com
Aarron Black,Aarron,Black,ablack,341-366-0053,(493) 227-1757,lenora.cassin97@yahoo.com
Randy Heaton,Randy,Heaton,rheaton,627-896-5008,(561) 986-5964,bo45@yahoo.com
Anabella Solis,Anabella,Solis,asolis,497-211-8560,(304) 231-5081,annabell78@gmail.com
Waqas Cameron,Waqas,Cameron,wcameron,333-620-7843,(596) 820-6126,dejah27@gmail.com
Aran Peacock,Aran,Peacock,apeacock,455-224-1251,(544) 210-5172,quinton48@gmail.com
Layla-Mae Tucker,Layla-Mae,Tucker,ltucker,983-430-4001,(305) 366-4617,florian0@gmail.com
Sorcha Bateman,Sorcha,Bateman,sbateman,365-606-2121,(240) 693-7289,clovis_bailey@gmail.com
Linzi Craft,Linzi,Craft,lcraft,668-743-5651,(388) 673-9247,jayden_romaguera@hotmail.com
Indiana Nicholson,Indiana,Nicholson,inicholson,741-827-8215,(976) 932-4626,maiya_deckow20@yahoo.com
Lillie-Rose Bush,Lillie-Rose,Bush,lbush,316-965-0479,(878) 827-7799,jerrell.bechtelar15@yahoo.com
Marlene Barnes,Marlene,Barnes,mbarnes,262-576-0916,(357) 234-4804,hassan_bradtke71@gmail.com
Simrah Macgregor,Simrah,Macgregor,smacgregor,586-659-0612,(348) 804-3330,pietro87@hotmail.com
King Sims,King,Sims,ksims,823-508-7679,(786) 991-1228,casandra7@gmail.com
Emanuel North,Emanuel,North,enorth,791-753-9766,(827) 853-4622,bell_rogahn@gmail.com
Rehan Gibson,Rehan,Gibson,rgibson,465-289-2073,(778) 426-6802,linnea_mccullough@gmail.com
Umaiza Mata,Umaiza,Mata,umata,351-216-8070,(397) 688-3403,ebony_sauer56@gmail.com
Aasiyah Riggs,Aasiyah,Riggs,ariggs,765-365-7442,(405) 636-1314,brent_yundt@yahoo.com
Tabatha Shelton,Tabatha,Shelton,tshelton,530-567-4599,(345) 213-4196,vernie_russel67@gmail.com
Sana Reynolds,Sana,Reynolds,sreynolds,669-482-7189,(319) 897-4979,paige.connelly16@gmail.com
Jaylan Dunn,Jaylan,Dunn,jdunn,652-416-3250,(434) 852-3586,charley92@gmail.com
Katharine Magana,Katharine,Magana,kmagana,644-565-0531,(841) 600-2866,antwon.schiller@yahoo.com
Inigo Sumner,Inigo,Sumner,isumner,429-357-4585,(926) 682-8742,katharina33@gmail.com
Jorgie Mohammed,Jorgie,Mohammed,jmohammed,398-366-5580,(869) 694-9020,emerson92@yahoo.com
Olive Boyer,Olive,Boyer,oboyer,592-789-3673,(796) 250-9269,jonathon97@yahoo.com
Lacie-Mae Stone,Lacie-Mae,Stone,lstone,756-870-5741,(641) 790-9625,ayla79@hotmail.com
Nabilah Nixon,Nabilah,Nixon,nnixon,781-939-6009,(218) 992-6147,sarah46@yahoo.com
Tala Kirby,Tala,Kirby,tkirby,641-515-1565,(334) 998-3360,quincy_lubowitz91@hotmail.com
Sophia Mcdermott,Sophia,Mcdermott,smcdermott,706-412-4421,(937) 563-1901,aliyah.stiedemann11@hotmail.com
Shaquille Galindo,Shaquille,Galindo,sgalindo,631-373-1577,(442) 295-5988,eve_russel@hotmail.com
Vienna Combs,Vienna,Combs,vcombs,740-601-4125,(627) 203-5031,austen_renner80@yahoo.com
Sahar Scott,Sahar,Scott,sscott,573-549-0032,(517) 981-8321,damian.gerlach@gmail.com
Gladys Hammond,Gladys,Hammond,ghammond,212-337-1334,(443) 981-4858,maximilian_gutkowski@hotmail.com
Kathy Preston,Kathy,Preston,kpreston,686-708-9269,(531) 253-9497,lupe_rosenbaum25@yahoo.com
Haseeb Lloyd,Haseeb,Lloyd,hlloyd,328-527-0156,(474) 968-6599,letha.krajcik@gmail.com
Amna Dejesus,Amna,Dejesus,adejesus,433-884-8857,(337) 887-7681,kristoffer52@hotmail.com
Mollie Farmer,Mollie,Farmer,mfarmer,473-779-3392,(819) 291-8407,patience39@gmail.com
Toyah Barton,Toyah,Barton,tbarton,486-262-9759,(523) 901-7408,patrick.abernathy@yahoo.com
Humera Dalby,Humera,Dalby,hdalby,907-703-5778,(934) 773-7529,ellsworth15@yahoo.com
Radhika Flowers,Radhika,Flowers,rflowers,998-870-0587,(642) 655-3705,randi69@yahoo.com
Abida Olsen,Abida,Olsen,aolsen,305-977-3582,(475) 398-3741,meghan.von@gmail.com
Matei Roberson,Matei,Roberson,mroberson,737-715-1922,(285) 436-3826,esteban.kovacek@gmail.com
Asim Beltran,Asim,Beltran,abeltran,518-493-5083,(657) 213-6623,ron.kuhn90@yahoo.com
Vanesa Berry,Vanesa,Berry,vberry,252-698-1771,(287) 729-8025,franco_cruickshank75@gmail.com
Melody Suarez,Melody,Suarez,msuarez,224-658-9823,(301) 743-1229,ephraim.rippin15@gmail.com
Nettie Ballard,Nettie,Ballard,nballard,899-281-8832,(892) 374-6575,scot29@gmail.com
Portia Owen,Portia,Owen,powen,665-774-4236,(900) 842-7907,johan_mraz96@yahoo.com
Dorian Poole,Dorian,Poole,dpoole,967-749-1348,(419) 488-3892,ena.hammes@gmail.com
Rocco English,Rocco,English,renglish,850-710-9797,(698) 626-3901,mariana_schultz@hotmail.com
Owais Miles,Owais,Miles,omiles,925-965-5078,(970) 306-9728,gregory.kirlin@gmail.com
Ottilie Fry,Ottilie,Fry,ofry,658-824-7619,(347) 471-7785,desiree_koepp@hotmail.com
Inayah Yates,Inayah,Yates,iyates,737-663-9455,(410) 749-9993,rebecca56@yahoo.com
Kymani Meyers,Kymani,Meyers,kmeyers,432-228-4581,(365) 518-9523,liam46@gmail.com
Talia Krueger,Talia,Krueger,tkrueger,267-993-1018,(386) 283-8150,alfredo_gleichner@hotmail.com
Tymon Vega,Tymon,Vega,tvega,668-791-3400,(853) 903-3531,kailee_dietrich5@yahoo.com
Anya Coles,Anya,Coles,acoles,945-482-9614,(713) 292-1065,verdie47@hotmail.com
Ava-Mae Bryant,Ava-Mae,Bryant,abryant,674-426-3529,(632) 949-9528,lionel.bernhard@yahoo.com
Kain Wyatt,Kain,Wyatt,kwyatt,799-461-5081,(934) 495-2527,durward.crist@gmail.com
Makayla Patel,Makayla,Patel,mpatel,315-920-2333,(404) 282-4673,beverly.zemlak12@gmail.com
Eryk Everett,Eryk,Everett,eeverett,742-520-3994,(648) 348-3532,saul13@hotmail.com
Damien Patton,Damien,Patton,dpatton,727-221-0991,(228) 401-0054,joel6@gmail.com
Khadeejah Murphy,Khadeejah,Murphy,kmurphy,302-903-9458,(222) 354-2187,arjun_mitchell@yahoo.com
Ferne Howe,Ferne,Howe,fhowe,719-901-2941,(354) 544-0277,ciara_boyer48@hotmail.com
Tyler Marsden,Tyler,Marsden,tmarsden,627-524-0504,(723) 900-1245,cynthia.morissette81@yahoo.com
Ziggy Weeks,Ziggy,Weeks,zweeks,226-427-9860,(232) 649-0677,hugh8@yahoo.com
Caitlin Wallis,Caitlin,Wallis,cwallis,562-575-2140,(775) 788-5112,torrance7@gmail.com
Lana Carty,Lana,Carty,lcarty,381-539-8581,(591) 318-1511,eula42@hotmail.com
Morwenna Weiss,Morwenna,Weiss,mweiss,325-525-7718,(980) 368-8099,clare55@gmail.com
Ellena Mclaughlin,Ellena,Mclaughlin,emclaughlin,774-685-7783,(696) 708-9277,lauriane_dickinson8@gmail.com
Anastazja Chan,Anastazja,Chan,achan,684-431-2192,(369) 600-4246,lupe_goldner@gmail.com
Frazer Mendez,Frazer,Mendez,fmendez,639-619-9551,(921) 415-6289,alanna20@yahoo.com
Jax Lambert,Jax,Lambert,jlambert,429-442-0646,(780) 862-7344,ryan_hodkiewicz34@hotmail.com
Francisco Swan,Francisco,Swan,fswan,345-668-1168,(291) 448-5605,schuyler.homenick87@hotmail.com
Corban Beil,Corban,Beil,cbeil,896-740-8988,(347) 355-9836,clifford_barrows56@gmail.com
Huda Cooke,Huda,Cooke,hcooke,387-889-3169,(519) 787-4126,robyn.flatley@hotmail.com
Nadeem Mercer,Nadeem,Mercer,nmercer,893-957-4142,(504) 810-1687,bobby.grant54@gmail.com
Patryk Shaffer,Patryk,Shaffer,pshaffer,406-468-0770,(534) 708-5898,emery22@yahoo.com
Kaya Monaghan,Kaya,Monaghan,kmonaghan,796-729-4407,(664) 842-1512,esperanza_hamill@yahoo.com
Tala Buchanan,Tala,Buchanan,tbuchanan,594-813-9537,(451) 740-2863,ray.hammes@hotmail.com
Franklin Beaumont,Franklin,Beaumont,fbeaumont,505-793-5530,(694) 319-0383,erica62@hotmail.com
Misbah Fletcher,Misbah,Fletcher,mfletcher,517-865-7619,(314) 371-3504,stacey.koepp@yahoo.com
Mujtaba Bean,Mujtaba,Bean,mbean,281-888-0865,(477) 903-4395,gordon_lubowitz@hotmail.com
Ed Thompson,Ed,Thompson,ethompson,300-583-9986,(441) 449-8217,javon3@yahoo.com
Taiba Deleon,Taiba,Deleon,tdeleon,387-749-7086,(292) 496-0057,cassidy_sipes69@yahoo.com
Levi Simmons,Levi,Simmons,lsimmons,550-428-8841,(498) 986-6799,bettie.parisian92@yahoo.com
Nadir Campbell,Nadir,Campbell,ncampbell,727-767-2580,(355) 624-8641,cayla_hackett79@hotmail.com
Hasan Baldwin,Hasan,Baldwin,hbaldwin,664-229-3324,(553) 894-9780,tiffany_klein80@hotmail.com
Karishma Houghton,Karishma,Houghton,khoughton,323-305-0583,(571) 697-9635,abagail_sauer49@gmail.com
Tammy Keith,Tammy,Keith,tkeith,681-863-6166,(272) 905-3140,jamir_yundt@gmail.com
Iman Cordova,Iman,Cordova,icordova,791-932-0367,(581) 352-6607,jerel92@yahoo.com
Caoimhe Bartlett,Caoimhe,Bartlett,cbartlett,584-942-9204,(386) 623-9339,oswaldo.sawayn@gmail.com
Danielle Gilbert,Danielle,Gilbert,dgilbert,504-904-6933,(429) 769-2678,jackeline84@gmail.com
Harleen Wise,Harleen,Wise,hwise,757-984-9256,(250) 313-0412,marquise_little@hotmail.com
Abdi Fowler,Abdi,Fowler,afowler,607-425-4161,(899) 403-4508,jade_bartoletti@yahoo.com
Mollie Whelan,Mollie,Whelan,mwhelan,983-496-6936,(801) 774-1484,mae69@hotmail.com
Tariq Aldred,Tariq,Aldred,taldred,424-316-4582,(950) 583-4894,tracy_kautzer@yahoo.com
Myrtle Deacon,Myrtle,Deacon,mdeacon,704-932-2005,(631) 970-3361,tillman_larkin66@gmail.com
Ilayda Marquez,Ilayda,Marquez,imarquez,663-211-1878,(799) 375-7810,casandra54@gmail.com
Oliwier Franks,Oliwier,Franks,ofranks,414-674-2523,(582) 865-0714,shanel_wintheiser92@yahoo.com
Elyas Finley,Elyas,Finley,efinley,364-846-0561,(332) 247-4404,tony46@yahoo.com
Lexie Maynard,Lexie,Maynard,lmaynard,497-410-2886,(508) 577-0415,jasen.ankunding@gmail.com
Emyr Wiggins,Emyr,Wiggins,ewiggins,880-843-2998,(671) 267-1988,roslyn2@yahoo.com
Maddy Huerta,Maddy,Huerta,mhuerta,945-632-1465,(906) 245-7793,edna.lind67@hotmail.com
Kayleigh Black,Kayleigh,Black,kblack,453-430-1628,(761) 691-4596,tania45@yahoo.com
Harrison Sheehan,Harrison,Sheehan,hsheehan,213-666-9917,(845) 433-4693,dennis.larson37@yahoo.com
Aariz Vance,Aariz,Vance,avance,511-546-8413,(685) 810-3641,loma.hermann@gmail.com
Zacharias Hayward,Zacharias,Hayward,zhayward,564-819-2986,(279) 809-7952,ronaldo85@hotmail.com
Casper Avila,Casper,Avila,cavila,387-380-7060,(631) 325-6515,clint90@yahoo.com
Rosemarie Foreman,Rosemarie,Foreman,rforeman,588-426-8963,(552) 738-2299,josephine.kuhn@gmail.com
Nikita Mcmanus,Nikita,Mcmanus,nmcmanus,694-976-2352,(334) 764-7358,harrison2@gmail.com
King Bellamy,King,Bellamy,kbellamy,787-854-4182,(989) 387-5972,orie.adams49@yahoo.com
Glyn Thomson,Glyn,Thomson,gthomson,627-752-4535,(845) 261-1631,braulio.farrell75@yahoo.com
Alyssia Albert,Alyssia,Albert,aalbert,903-329-3655,(261) 227-3119,karlie.mcclure13@yahoo.com
Olivia-Grace Hughes,Olivia-Grace,Hughes,ohughes,947-711-1111,(668) 286-5123,toby98@hotmail.com
Elli Ashley,Elli,Ashley,eashley,688-490-5475,(283) 974-7926,dariana18@yahoo.com
Taylah Calhoun,Taylah,Calhoun,tcalhoun,362-912-3038,(362) 981-6726,estefania.powlowski@hotmail.com
Kieron Frye,Kieron,Frye,kfrye,626-826-7235,(250) 614-0964,oma_ward81@yahoo.com
Emmanuella Wheatley,Emmanuella,Wheatley,ewheatley,898-334-4016,(505) 632-2777,woodrow57@yahoo.com
Milena Holloway,Milena,Holloway,mholloway,301-762-2879,(227) 931-7433,frankie.wyman73@hotmail.com
Ayse Swift,Ayse,Swift,aswift,992-955-2589,(447) 955-8273,earlene30@gmail.com
Tahlia Burch,Tahlia,Burch,tburch,991-623-2321,(789) 923-7691,peyton.koepp@yahoo.com
Stefan Ingram,Stefan,Ingram,singram,480-973-5350,(938) 279-6865,giles.effertz66@yahoo.com
Kashif Blackmore,Kashif,Blackmore,kblackmore,916-219-4042,(610) 718-3879,andres_rutherford@yahoo.com
Miah Mcnamara,Miah,Mcnamara,mmcnamara,834-418-7990,(652) 366-9175,emma_klein80@gmail.com
Allana Watkins,Allana,Watkins,awatkins,581-935-7116,(510) 612-6111,margret.stroman17@yahoo.com
Shakeel Gay,Shakeel,Gay,sgay,720-332-0329,(425) 244-6106,era.jerde16@gmail.com
Maysa Clarkson,Maysa,Clarkson,mclarkson,960-487-0543,(718) 913-6114,brennan32@gmail.com
Hilda Markham,Hilda,Markham,hmarkham,545-791-4219,(740) 559-3715,lauryn_steuber@hotmail.com
Manpreet Mcdonald,Manpreet,Mcdonald,mmcdonald,531-232-6615,(370) 693-5025,scotty35@gmail.com
Samir Larson,Samir,Larson,slarson,817-967-2940,(408) 696-1910,rozella.windler66@hotmail.com
Lidia Williams,Lidia,Williams,lwilliams,567-902-2479,(732) 889-4922,gino_schaefer39@hotmail.com
Ivor Gamble,Ivor,Gamble,igamble,849-443-1104,(903) 266-2103,alek_marks@gmail.com
Konnor Medrano,Konnor,Medrano,kmedrano,756-590-5060,(737) 807-3280,silas.lindgren@yahoo.com
Lochlan Buxton,Lochlan,Buxton,lbuxton,297-913-5223,(220) 700-7526,zackery_maggio@hotmail.com
Alastair Villa,Alastair,Villa,avilla,691-682-9007,(216) 966-0471,shaina_kohler91@yahoo.com
Cairo Justice,Cairo,Justice,cjustice,201-890-1725,(326) 912-0440,emely_kozey@hotmail.com
Ellouise Laing,Ellouise,Laing,elaing,593-927-3993,(693) 659-9668,joel_kutch50@hotmail.com
Lola-Rose Mcdougall,Lola-Rose,Mcdougall,lmcdougall,236-420-1797,(697) 892-8070,jess_homenick89@yahoo.com
Simra Benson,Simra,Benson,sbenson,619-259-5253,(603) 686-8601,jed_barton@yahoo.com
Clinton Shah,Clinton,Shah,cshah,541-243-0606,(433) 280-9145,vesta_wisozk@yahoo.com
Hunter Tang,Hunter,Tang,htang,364-363-1788,(372) 435-3996,donna75@hotmail.com
Lily-Ann Beltran,Lily-Ann,Beltran,lbeltran,431-416-5632,(227) 778-2466,javonte.jacobi18@hotmail.com
Cairon Simpson,Cairon,Simpson,csimpson,239-442-4976,(449) 592-1451,jimmie77@hotmail.com
Tobey Greene,Tobey,Greene,tgreene,487-259-9066,(623) 417-1685,gerry96@hotmail.com
Sebastien Woolley,Sebastien,Woolley,swoolley,983-692-9818,(722) 480-5382,marjorie_wunsch79@hotmail.com
Tevin Holding,Tevin,Holding,tholding,499-325-4258,(341) 747-3040,wendell.watsica@gmail.com
Josie Evans,Josie,Evans,jevans,353-547-4087,(673) 260-4788,adriel23@yahoo.com
Abid Neville,Abid,Neville,aneville,885-500-1848,(969) 552-4137,neil98@gmail.com
Chardonnay Sheldon,Chardonnay,Sheldon,csheldon,927-809-5104,(460) 689-3069,marilie_ratke65@gmail.com
Tye Bennett,Tye,Bennett,tbennett,708-745-5769,(691) 236-1631,anibal_kris@yahoo.com
Hugh Edge,Hugh,Edge,hedge,460-385-7325,(267) 649-1984,susanna_vandervort@yahoo.com
Mehreen Squires,Mehreen,Squires,msquires,427-327-4127,(525) 464-5853,dereck42@yahoo.com
Aishah Greer,Aishah,Greer,agreer,298-446-8751,(992) 583-6001,kyla48@hotmail.com
Ivo Blaese,Ivo,Blaese,iblaese,228-911-4685,(888) 313-7839,ransom_lockman@hotmail.com
Natalya Patrick,Natalya,Patrick,npatrick,478-842-4112,(451) 912-3751,alycia.wunsch26@hotmail.com
Pixie Xiong,Pixie,Xiong,pxiong,959-439-0907,(488) 235-5900,josue_connelly45@gmail.com
Jules Woodcock,Jules,Woodcock,jwoodcock,981-622-1959,(755) 267-1035,thad72@hotmail.com
Balraj Peters,Balraj,Peters,bpeters,764-895-3325,(362) 390-0774,maye_von@yahoo.com
Claude Boyer,Claude,Boyer,cboyer,745-552-1057,(692) 837-5967,keegan1@hotmail.com
Oliwia Rice,Oliwia,Rice,orice,450-429-8046,(559) 483-0575,jerrold_turcotte84@yahoo.com
Peyton Tate,Peyton,Tate,ptate,475-810-4675,(432) 847-0389,rhianna.halvorson58@hotmail.com
Amaya Nicholson,Amaya,Nicholson,anicholson,325-800-8205,(218) 341-3127,arlie_rice51@gmail.com
Adem Finnegan,Adem,Finnegan,afinnegan,530-829-9711,(572) 746-7596,luna37@gmail.com
Ryan Rios,Ryan,Rios,rrios,531-592-3210,(845) 628-2384,chad.sporer18@gmail.com
Jem Marsden,Jem,Marsden,jmarsden,423-628-7334,(462) 366-0311,helmer.lang80@gmail.com
Harlee Coleman,Harlee,Coleman,hcoleman,770-769-4333,(660) 398-3815,davon_veum@gmail.com
Tayyibah Craft,Tayyibah,Craft,tcraft,664-623-2022,(284) 419-1548,audreanne66@gmail.com
Ameen Colley,Ameen,Colley,acolley,680-403-1570,(635) 595-3532,iliana_smitham30@gmail.com
Teddy Frank,Teddy,Frank,tfrank,462-468-4103,(497) 903-2090,adelia35@gmail.com
Latoya Chapman,Latoya,Chapman,lchapman,907-721-8006,(704) 619-2278,shaniya.mitchell79@gmail.com
Lylah Lawson,Lylah,Lawson,llawson,464-571-8873,(477) 442-3987,ashly_kuvalis@yahoo.com
Janice Parrish,Janice,Parrish,jparrish,930-434-3743,(934) 293-2474,donato_quitzon11@gmail.com
Elaina Davison,Elaina,Davison,edavison,706-870-3668,(206) 553-0146,lucio19@hotmail.com
Dottie Dodson,Dottie,Dodson,ddodson,370-632-5413,(865) 349-4889,birdie.jacobs61@yahoo.com
Victor Sinclair,Victor,Sinclair,vsinclair,291-205-1177,(638) 758-3943,garry.kuphal@hotmail.com
Liya Klein,Liya,Klein,lklein,625-475-2611,(754) 791-4198,susana72@yahoo.com
Brad Jones,Brad,Jones,bjones,271-380-8050,(258) 729-7043,cristal_king10@yahoo.com
Evan Parkinson,Evan,Parkinson,eparkinson,564-756-2754,(338) 567-7035,howell82@yahoo.com
Simra Leal,Simra,Leal,sleal,418-672-3812,(280) 514-5313,timothy_gulgowski9@hotmail.com
Jordon Pope,Jordon,Pope,jpope,268-957-2095,(898) 327-4547,josie23@hotmail.com
Ashton Bolton,Ashton,Bolton,abolton,532-502-6067,(822) 980-0001,alexie5@yahoo.com
Rihanna Drummond,Rihanna,Drummond,rdrummond,340-542-4207,(639) 405-3489,yasmine.schuppe29@gmail.com
Natalya Bravo,Natalya,Bravo,nbravo,425-206-5003,(911) 268-5416,dagmar50@yahoo.com
Amanpreet Harding,Amanpreet,Harding,aharding,711-571-1869,(922) 429-2009,dessie.robel33@yahoo.com
Ehsan Davies,Ehsan,Davies,edavies,751-899-6747,(625) 919-3264,cory65@hotmail.com
Poppy Bonner,Poppy,Bonner,pbonner,775-527-3641,(954) 977-3385,felton_wunsch44@yahoo.com
Christian Wicks,Christian,Wicks,cwicks,494-787-5233,(901) 345-9818,raegan_jerde@gmail.com
Kiri Rutledge,Kiri,Rutledge,krutledge,561-765-9889,(305) 996-8256,caroline.king44@gmail.com
Rima Gallagher,Rima,Gallagher,rgallagher,913-323-4192,(925) 861-7739,junius.blick@yahoo.com
Roisin Contreras,Roisin,Contreras,rcontreras,327-799-9613,(743) 603-8500,harley.gislason91@yahoo.com
Jibril Peters,Jibril,Peters,jpeters,900-456-4223,(499) 868-3983,delpha_will56@gmail.com
Mahamed Dunlap,Mahamed,Dunlap,mdunlap,361-462-9461,(978) 880-8406,jamil.senger@yahoo.com
Daanyal Armitage,Daanyal,Armitage,darmitage,703-844-9773,(447) 585-1212,vern_mraz95@hotmail.com
Alexa Oliver,Alexa,Oliver,aoliver,460-264-5447,(477) 381-5154,korbin.leannon@gmail.com
Aarron Rocha,Aarron,Rocha,arocha,319-312-8835,(625) 374-4839,pedro27@yahoo.com
Warren Whitaker,Warren,Whitaker,wwhitaker,481-327-0714,(309) 347-0646,noble.mante@gmail.com
Olivia Piper,Olivia,Piper,opiper,906-445-6215,(442) 744-4793,fannie62@gmail.com
Ellie-Mai Holden,Ellie-Mai,Holden,eholden,566-831-9374,(377) 730-4106,claire.metz42@hotmail.com
Balraj Mackie,Balraj,Mackie,bmackie,642-625-8804,(864) 429-5746,ulices75@hotmail.com
Asad Conley,Asad,Conley,aconley,880-310-7529,(530) 850-8768,margarete16@yahoo.com
Ella-Mai Duke,Ella-Mai,Duke,eduke,815-473-4715,(443) 498-4205,everett.wyman75@hotmail.com
Ava Mill,Ava,Mill,amill,416-252-7396,(865) 923-5317,eladio.herzog97@hotmail.com
Maximus Ferrell,Maximus,Ferrell,mferrell,902-875-0673,(968) 978-9927,raina_monahan29@yahoo.com
Connor Rigby,Connor,Rigby,crigby,854-834-0010,(546) 952-8295,albert.wunsch@gmail.com
Muhammad Conner,Muhammad,Conner,mconner,751-637-0619,(264) 773-1274,isabella.stamm@yahoo.com
Rohaan Ray,Rohaan,Ray,rray,326-880-1794,(999) 306-0798,marion52@yahoo.com
Zavier Wheeler,Zavier,Wheeler,zwheeler,445-809-1115,(604) 254-3435,filiberto.abernathy46@hotmail.com
Freya Galindo,Freya,Galindo,fgalindo,528-506-1370,(474) 786-4245,jacynthe_haag@gmail.com
Alejandro Woodley,Alejandro,Woodley,awoodley,889-776-2347,(238) 894-4077,theodora_lueilwitz87@gmail.com
Demi-Lee Robins,Demi-Lee,Robins,drobins,891-563-4135,(846) 721-4599,genesis18@hotmail.com
Neve Singh,Neve,Singh,nsingh,516-610-7400,(547) 522-1216,americo.halvorson@gmail.com
Archie Garrison,Archie,Garrison,agarrison,530-458-5652,(514) 625-6799,mona_satterfield14@yahoo.com
Lila Ramsey,Lila,Ramsey,lramsey,796-275-7144,(498) 902-1150,jazlyn.klocko@yahoo.com
Jaimee Bowers,Jaimee,Bowers,jbowers,843-667-3971,(505) 944-3891,reyna_wilkinson@yahoo.com
Star Wu,Star,Wu,swu,677-754-3199,(819) 985-3835,milan.kutch@gmail.com
Mariya Hatfield,Mariya,Hatfield,mhatfield,803-750-2736,(229) 869-0534,jerald_nikolaus72@yahoo.com
Mysha Joyce,Mysha,Joyce,mjoyce,740-856-9007,(324) 507-9667,mona.crooks79@yahoo.com
Fleur Davenport,Fleur,Davenport,fdavenport,752-256-3823,(777) 841-0181,may_renner@gmail.com
Tonicha Deleon,Tonicha,Deleon,tdeleon,266-490-3722,(251) 365-6534,alaina31@hotmail.com
Cohan Booker,Cohan,Booker,cbooker,302-504-7872,(631) 393-9126,myrtie.jast@hotmail.com
Zacharias Lucero,Zacharias,Lucero,zlucero,434-260-2341,(545) 265-6459,joaquin_cummerata@yahoo.com
Kylo Avila,Kylo,Avila,kavila,341-955-4006,(322) 507-4019,alaina13@hotmail.com
Lynden Stephenson,Lynden,Stephenson,lstephenson,344-676-0621,(557) 730-7098,tanner_johnston29@hotmail.com
Cody Byrd,Cody,Byrd,cbyrd,513-793-0778,(975) 273-0344,maximus.monahan83@yahoo.com
Abi Swanson,Abi,Swanson,aswanson,883-907-9174,(698) 777-9069,brigitte.runolfsdottir@gmail.com
Nicholas Reynolds,Nicholas,Reynolds,nreynolds,998-935-9251,(606) 448-9862,deontae.mcglynn15@gmail.com
Khloe Thorpe,Khloe,Thorpe,kthorpe,371-899-4253,(658) 870-6768,alfreda_ernser61@gmail.com
Bilal Hulme,Bilal,Hulme,bhulme,863-772-0678,(871) 643-7498,braulio.stark@hotmail.com
Darcie Greene,Darcie,Greene,dgreene,323-658-2076,(529) 520-5851,alize.mills@gmail.com
Hayden Greenwood,Hayden,Greenwood,hgreenwood,422-729-6806,(642) 322-0165,demetris_batz17@gmail.com
Bryan Reeves,Bryan,Reeves,breeves,218-487-0056,(636) 566-0023,fiona.bartell@yahoo.com
Federico Cunningham,Federico,Cunningham,fcunningham,499-839-6031,(307) 941-6589,percival.metz@hotmail.com
Osman Wheatley,Osman,Wheatley,owheatley,521-292-7550,(308) 676-3273,nikita_casper30@yahoo.com
Greta Farrington,Greta,Farrington,gfarrington,437-464-0222,(431) 757-8896,arnoldo.rolfson@gmail.com
Chace Patel,Chace,Patel,cpatel,989-831-1083,(729) 463-6897,noemy_beier52@yahoo.com
Emre Martinez,Emre,Martinez,emartinez,235-989-7367,(997) 263-9334,darlene_harvey27@hotmail.com
Jesse Coates,Jesse,Coates,jcoates,383-972-6998,(636) 838-4340,halle.streich27@gmail.com
Gianluca Justice,Gianluca,Justice,gjustice,681-668-5127,(976) 670-8194,estelle.funk72@hotmail.com
Darrell Busby,Darrell,Busby,dbusby,351-553-5498,(793) 486-0975,jason_moen21@gmail.com
Zayne Dale,Zayne,Dale,zdale,549-515-1408,(366) 725-1357,alysha.hansen59@hotmail.com
Colleen Cobb,Colleen,Cobb,ccobb,718-652-9151,(395) 662-8359,rosalinda_koepp@hotmail.com
Jensen Mcphee,Jensen,Mcphee,jmcphee,999-241-7990,(298) 808-8817,elyse.hirthe0@yahoo.com
Eren Bowes,Eren,Bowes,ebowes,357-857-2261,(732) 909-9816,marcelo_harvey77@yahoo.com
Octavia Ireland,Octavia,Ireland,oireland,960-683-8562,(693) 592-4092,camille.kulas@gmail.com
Joss Magana,Joss,Magana,jmagana,460-577-1098,(551) 302-9388,green51@yahoo.com
Jana Wilde,Jana,Wilde,jwilde,622-935-1669,(693) 632-5660,susanna.moore12@gmail.com
Devin Porter,Devin,Porter,dporter,863-399-9757,(765) 367-8000,zakary_douglas45@gmail.com
Phillip Merritt,Phillip,Merritt,pmerritt,849-213-9439,(488) 230-5076,kaelyn80@hotmail.com
Shakira Obrien,Shakira,Obrien,sobrien,246-229-2096,(583) 346-3245,bartholome.braun@yahoo.com
Shanelle Osborn,Shanelle,Osborn,sosborn,322-319-8979,(329) 947-5225,donavon_bruen@gmail.com
Gideon Odom,Gideon,Odom,godom,630-304-2975,(773) 969-9539,lorenza43@hotmail.com
Phillippa Murphy,Phillippa,Murphy,pmurphy,377-954-4628,(205) 564-7566,rozella.dicki@hotmail.com
Alyssia Sweeney,Alyssia,Sweeney,asweeney,969-876-6055,(957) 355-9996,madalyn.homenick@yahoo.com
Valerie Corrigan,Valerie,Corrigan,vcorrigan,832-450-8610,(867) 306-8702,yadira.crist95@hotmail.com
Kaitlin Delaney,Kaitlin,Delaney,kdelaney,916-736-5549,(865) 922-7482,elsa_nicolas3@hotmail.com
Myah Brennan,Myah,Brennan,mbrennan,782-801-9401,(849) 806-1629,stan_romaguera@gmail.com
Belle Carter,Belle,Carter,bcarter,634-355-6965,(511) 551-4859,ericka_grant@hotmail.com
Hakim Knight,Hakim,Knight,hknight,506-572-8058,(638) 808-7072,citlalli34@hotmail.com
Joao Cameron,Joao,Cameron,jcameron,320-928-6339,(426) 354-7661,trystan_grady70@gmail.com
Reginald Keenan,Reginald,Keenan,rkeenan,414-698-1491,(980) 675-6222,hubert35@gmail.com
Alaya Cooke,Alaya,Cooke,acooke,636-764-0364,(787) 482-7819,romaine76@yahoo.com
Harleigh Saunders,Harleigh,Saunders,hsaunders,483-725-3812,(338) 489-4913,leonel.prosacco71@gmail.com
Kwabena Levine,Kwabena,Levine,klevine,824-662-0116,(634) 884-2324,marques11@hotmail.com
Aiysha Yates,Aiysha,Yates,ayates,684-730-8610,(849) 560-1429,xzavier.feest22@hotmail.com
Ellie-Louise Richard,Ellie-Louise,Richard,erichard,818-872-5270,(982) 349-0679,joy.hilll@yahoo.com
Maha Sanderson,Maha,Sanderson,msanderson,861-680-3053,(355) 856-1278,erna_boehm@gmail.com
Farrell Tierney,Farrell,Tierney,ftierney,903-442-3122,(508) 481-8844,jazmin.hills@gmail.com
Lilly-Ann Guy,Lilly-Ann,Guy,lguy,619-514-9178,(814) 460-3639,alexa.morissette@gmail.com
Alanah Manning,Alanah,Manning,amanning,676-672-6783,(507) 797-5307,amelia59@gmail.com
Lola Blanchard,Lola,Blanchard,lblanchard,377-262-3496,(404) 763-8658,manley44@hotmail.com
Bonita Becker,Bonita,Becker,bbecker,442-668-6916,(365) 591-8658,caesar22@hotmail.com
Zaynab Lara,Zaynab,Lara,zlara,555-510-3756,(787) 257-6471,verona50@yahoo.com
Earl Orr,Earl,Orr,eorr,201-877-6527,(963) 334-0384,luisa51@yahoo.com
Olivia-Mae Evans,Olivia-Mae,Evans,oevans,549-726-0413,(880) 688-9883,kaylie_marks95@gmail.com
Mac Avery,Mac,Avery,mavery,611-861-5523,(525) 524-5365,gino_barrows92@yahoo.com
Aleisha Hodgson,Aleisha,Hodgson,ahodgson,590-660-7647,(927) 201-2989,nils_durgan@gmail.com
Franco Guerrero,Franco,Guerrero,fguerrero,588-770-6713,(267) 479-1798,adrain17@gmail.com
Conan Moses,Conan,Moses,cmoses,978-789-2379,(403) 707-7742,deshaun61@gmail.com
Kelis Hubbard,Kelis,Hubbard,khubbard,465-966-7555,(989) 687-6734,anne.nikolaus@yahoo.com
Lavinia Ortega,Lavinia,Ortega,lortega,541-304-4650,(395) 418-5169,mariano.huel@yahoo.com
Nimra Guzman,Nimra,Guzman,nguzman,794-327-3447,(268) 995-1702,beth75@yahoo.com
Isis Carney,Isis,Carney,icarney,251-560-2965,(798) 604-2577,creola_ortiz65@gmail.com
Faiz Kirkland,Faiz,Kirkland,fkirkland,925-501-3412,(558) 832-5424,ardella_nitzsche@hotmail.com
Perry Macdonald,Perry,Macdonald,pmacdonald,508-802-1029,(280) 476-6198,ike31@yahoo.com
Lacey-Mai Hewitt,Lacey-Mai,Hewitt,lhewitt,628-475-3445,(781) 702-0646,savanah32@yahoo.com
Jared Li,Jared,Li,jli,957-734-0382,(844) 387-1760,derek.heaney@yahoo.com
Yassin Patel,Yassin,Patel,ypatel,813-603-9638,(665) 216-1667,santina90@yahoo.com
Diana Torres,Diana,Torres,dtorres,903-989-2820,(661) 949-4728,fabiola.hand58@yahoo.com
Ellenor Wiggins,Ellenor,Wiggins,ewiggins,518-247-4033,(565) 385-5059,edison_will99@hotmail.com
Alyssia Frye,Alyssia,Frye,afrye,560-378-5775,(591) 548-3547,greta36@gmail.com
Gurdeep Tomlinson,Gurdeep,Tomlinson,gtomlinson,639-900-0728,(302) 328-3401,ova14@gmail.com
Cindy Perry,Cindy,Perry,cperry,866-977-5159,(681) 479-1882,hosea.tremblay24@gmail.com
Klay Shaffer,Klay,Shaffer,kshaffer,202-973-2640,(592) 736-1527,eladio_will71@gmail.com
Nahla Medina,Nahla,Medina,nmedina,970-907-1367,(244) 568-1839,beulah29@gmail.com
Etienne Wyatt,Etienne,Wyatt,ewyatt,821-901-5918,(776) 659-2596,marilie.mcdermott@hotmail.com
Leopold Armstrong,Leopold,Armstrong,larmstrong,949-522-7614,(479) 669-1703,gino.emard25@gmail.com
Amin Bone,Amin,Bone,abone,294-258-6778,(493) 755-8677,rowan_lubowitz37@gmail.com
Tianna Doyle,Tianna,Doyle,tdoyle,325-628-7001,(702) 478-3615,sherwood25@gmail.com
Zayna Croft,Zayna,Croft,zcroft,419-956-2111,(603) 309-9497,xavier.oreilly46@yahoo.com
Mariah Clay,Mariah,Clay,mclay,974-546-2230,(575) 447-2571,bennett22@gmail.com
Tristan Camacho,Tristan,Camacho,tcamacho,636-608-0210,(233) 778-0939,andreanne_koepp@hotmail.com
Dexter Hope,Dexter,Hope,dhope,251-929-7916,(769) 350-2590,bell.labadie79@gmail.com
Max Daniels,Max,Daniels,mdaniels,577-679-0715,(773) 921-3885,effie55@gmail.com
Marilyn Gutierrez,Marilyn,Gutierrez,mgutierrez,438-867-7478,(610) 357-7057,tess14@gmail.com
Waqar Juarez,Waqar,Juarez,wjuarez,742-989-9660,(378) 848-1370,jamison_christiansen@gmail.com
Efe Adams,Efe,Adams,eadams,741-342-9751,(424) 267-1129,arely_waelchi56@yahoo.com
Tye Avalos,Tye,Avalos,tavalos,215-411-7429,(631) 560-4131,orie_champlin@gmail.com
Aaliya Suarez,Aaliya,Suarez,asuarez,584-565-2697,(769) 694-6035,lexi.berge32@gmail.com
Eileen Franco,Eileen,Franco,efranco,933-681-6616,(200) 259-0537,nicole_welch@hotmail.com
Ayisha Wormald,Ayisha,Wormald,awormald,747-444-3720,(909) 676-0051,tania84@gmail.com
Yousef Sheridan,Yousef,Sheridan,ysheridan,904-926-6092,(355) 531-2964,armani.kulas@hotmail.com
Arwa Dunne,Arwa,Dunne,adunne,885-909-5837,(464) 750-2577,alfredo58@gmail.com
Yehuda Delarosa,Yehuda,Delarosa,ydelarosa,393-873-9749,(695) 687-0448,kayleigh_feil97@hotmail.com
Indigo Villalobos,Indigo,Villalobos,ivillalobos,900-359-1880,(716) 661-7266,alyce98@hotmail.com
Lyndsey Allan,Lyndsey,Allan,lallan,909-580-8402,(902) 695-4968,macy.vandervort@yahoo.com
Patrick Marshall,Patrick,Marshall,pmarshall,564-326-6077,(712) 559-4155,fanny0@yahoo.com
Maleeha Lucero,Maleeha,Lucero,mlucero,489-293-9364,(321) 804-5636,luna69@yahoo.com
Kaylie Molina,Kaylie,Molina,kmolina,624-880-9845,(804) 704-0158,stephany_daugherty53@yahoo.com
Sahil Connelly,Sahil,Connelly,sconnelly,787-341-6971,(942) 481-2855,sydney52@hotmail.com
Cali Devlin,Cali,Devlin,cdevlin,646-229-8584,(454) 982-0417,sage_ratke@gmail.com
Tia Swanson,Tia,Swanson,tswanson,334-558-9493,(747) 220-1994,shayne.stark@gmail.com
Wanda Stafford,Wanda,Stafford,wstafford,463-726-6635,(932) 672-1464,zackary_williamson@yahoo.com
Samuel Pierce,Samuel,Pierce,spierce,275-331-3376,(285) 446-0626,adrienne91@hotmail.com
Neelam Brady,Neelam,Brady,nbrady,632-484-7543,(740) 958-0310,maegan_schumm@yahoo.com
Laylah Lawrence,Laylah,Lawrence,llawrence,299-719-6645,(901) 576-2787,audreanne_reichert@hotmail.com
Arwel Gallagher,Arwel,Gallagher,agallagher,395-663-2374,(820) 331-9285,ilene_graham48@hotmail.com
Herbie Colon,Herbie,Colon,hcolon,367-539-9786,(379) 396-1752,lucio_considine@gmail.com
Monique Russell,Monique,Russell,mrussell,567-348-0066,(501) 956-0099,randy90@hotmail.com
Josephine Cousins,Josephine,Cousins,jcousins,509-629-2737,(218) 922-3000,karolann_toy33@gmail.com
Kalvin Marin,Kalvin,Marin,kmarin,699-858-1617,(428) 550-0668,guadalupe.abshire@gmail.com
Etta Mcclure,Etta,Mcclure,emcclure,801-335-8575,(808) 326-6743,kitty16@yahoo.com
Ikrah Barry,Ikrah,Barry,ibarry,903-412-4561,(677) 793-6271,nathanial70@yahoo.com
Aimie Blair,Aimie,Blair,ablair,383-424-4029,(674) 623-7088,ottilie.doyle42@gmail.com
Emily-Rose Choi,Emily-Rose,Choi,echoi,394-405-9443,(963) 987-4152,callie_oberbrunner29@hotmail.com
Tonisha Rosa,Tonisha,Rosa,trosa,590-440-3938,(348) 808-7471,lyric_lockman95@hotmail.com
Jannah Whitworth,Jannah,Whitworth,jwhitworth,772-260-2140,(728) 525-3526,cortney.thompson44@yahoo.com
Paul Wolf,Paul,Wolf,pwolf,560-983-5684,(776) 868-4582,anissa59@hotmail.com
Shakir Long,Shakir,Long,slong,217-336-6507,(720) 312-3000,annalise.mcdermott11@yahoo.com
Billie-Jo Mueller,Billie-Jo,Mueller,bmueller,932-680-9140,(873) 930-0385,marshall_buckridge@hotmail.com
Gracey Myers,Gracey,Myers,gmyers,990-603-4674,(609) 839-6134,deonte.herzog@yahoo.com
Rosemary Hartley,Rosemary,Hartley,rhartley,534-330-8586,(608) 464-3642,mathilde.heidenreich@gmail.com
Agata Ferreira,Agata,Ferreira,aferreira,500-535-7435,(339) 967-6588,pearline_goldner25@hotmail.com
Tessa Power,Tessa,Power,tpower,934-842-1355,(716) 985-0880,norberto28@yahoo.com
Tyron Potter,Tyron,Potter,tpotter,465-484-3395,(889) 516-6114,kathryn_damore38@yahoo.com
Renae Truong,Renae,Truong,rtruong,316-982-5622,(221) 574-2133,kaitlin55@hotmail.com
Anderson Pearson,Anderson,Pearson,apearson,926-601-1987,(681) 548-7313,jodie.simonis@yahoo.com
Sienna Moon,Sienna,Moon,smoon,726-376-3426,(433) 319-2035,tyreek_mueller@hotmail.com
Pierce Hale,Pierce,Hale,phale,583-505-8183,(839) 295-7404,dixie31@yahoo.com
Mahnoor Poole,Mahnoor,Poole,mpoole,284-575-9628,(315) 681-9404,gail92@hotmail.com
Charity Whyte,Charity,Whyte,cwhyte,594-941-3690,(376) 798-5411,anabelle_mueller18@gmail.com
Myah Forrest,Myah,Forrest,mforrest,900-447-9504,(640) 826-2809,juvenal81@hotmail.com
Declan Hahn,Declan,Hahn,dhahn,656-600-0622,(219) 681-5457,cierra76@hotmail.com
Farzana Mckenna,Farzana,Mckenna,fmckenna,976-892-7530,(220) 712-6979,colby_russel35@gmail.com
Ridwan Walton,Ridwan,Walton,rwalton,575-228-1097,(660) 667-1895,jaylan42@hotmail.com
Musab Mccormick,Musab,Mccormick,mmccormick,601-828-2800,(491) 373-1523,mabel68@yahoo.com
Cobie Conway,Cobie,Conway,cconway,480-992-4109,(660) 442-4097,daisha_jast@yahoo.com
Sanya Mercado,Sanya,Mercado,smercado,998-961-0979,(772) 341-0336,thomas.gutkowski92@gmail.com
Aaron Dodd,Aaron,Dodd,adodd,728-867-1996,(255) 423-5769,yasmine56@yahoo.com
Abigail Humphreys,Abigail,Humphreys,ahumphreys,681-810-5522,(893) 310-6129,katelynn8@gmail.com
Coco Pemberton,Coco,Pemberton,cpemberton,769-805-3883,(733) 815-9957,belle14@yahoo.com
Riya Reader,Riya,Reader,rreader,565-313-5660,(459) 530-3598,heath88@hotmail.com
Gurveer Nelson,Gurveer,Nelson,gnelson,963-713-1447,(532) 338-3592,maud96@gmail.com
Shannon Chung,Shannon,Chung,schung,231-932-3249,(449) 206-9101,mariela27@hotmail.com
Nusaybah Rivas,Nusaybah,Rivas,nrivas,621-828-5556,(790) 298-7203,sallie_jaskolski@yahoo.com
Nate Schmitt,Nate,Schmitt,nschmitt,575-237-9209,(638) 948-7714,bernie.dubuque10@yahoo.com
Caroline Berg,Caroline,Berg,cberg,983-873-2616,(612) 599-2827,brooke11@yahoo.com
Eoin Sandoval,Eoin,Sandoval,esandoval,938-755-4689,(653) 633-2361,hanna50@yahoo.com
Karol Griffin,Karol,Griffin,kgriffin,947-944-3537,(397) 399-6857,mike_lehner@yahoo.com
Mylie Abbott,Mylie,Abbott,mabbott,380-326-8184,(995) 394-0050,laila.brown66@hotmail.com
Iqrah Mccullough,Iqrah,Mccullough,imccullough,413-577-9014,(434) 455-3555,sophia_morar@hotmail.com
Silas Pena,Silas,Pena,spena,724-524-5747,(439) 826-8315,kari.oconnell89@yahoo.com
Leah Jenkins,Leah,Jenkins,ljenkins,530-583-6877,(607) 379-8937,oscar_satterfield@hotmail.com
Jaidon Pitt,Jaidon,Pitt,jpitt,424-947-1027,(964) 347-9538,ruben13@gmail.com
Rian Trujillo,Rian,Trujillo,rtrujillo,312-575-9737,(636) 723-3605,ole87@hotmail.com
Garrett Miranda,Garrett,Miranda,gmiranda,541-418-6022,(812) 300-6016,susan.murray@hotmail.com
Roza Stott,Roza,Stott,rstott,957-350-6034,(432) 856-9750,amiya.kerluke98@gmail.com
Matei Braun,Matei,Braun,mbraun,503-263-0268,(524) 339-9507,hayden.gerhold51@yahoo.com
Tyson Dolan,Tyson,Dolan,tdolan,417-757-5233,(850) 885-8655,madie_veum11@gmail.com
Ronny Prentice,Ronny,Prentice,rprentice,687-969-1183,(266) 542-2741,jessie.gerhold@yahoo.com
Antoine Ferreira,Antoine,Ferreira,aferreira,261-808-0118,(486) 582-0593,alaina.cassin82@yahoo.com
Duane Hardy,Duane,Hardy,dhardy,837-786-1183,(262) 576-2391,lowell11@yahoo.com
Manveer Ibarra,Manveer,Ibarra,mibarra,456-356-3475,(690) 838-1205,nestor31@hotmail.com
Scarlett-Rose Douglas,Scarlett-Rose,Douglas,sdouglas,690-361-3550,(359) 246-7766,jalyn.kertzmann4@yahoo.com
Kasim Powers,Kasim,Powers,kpowers,937-855-3742,(974) 465-1355,jay12@gmail.com
Tobey Simmons,Tobey,Simmons,tsimmons,971-260-7364,(311) 697-6824,patrick83@hotmail.com
Emrys Tyson,Emrys,Tyson,etyson,929-509-8757,(570) 772-5611,travis.upton@yahoo.com
Benedict Ridley,Benedict,Ridley,bridley,267-554-9335,(827) 647-8968,dashawn.metz7@gmail.com
Conna Higgs,Conna,Higgs,chiggs,559-225-7400,(999) 608-1793,celine40@gmail.com
Hawa Allman,Hawa,Allman,hallman,789-307-2276,(267) 782-2081,quentin82@hotmail.com
Kelly Povey,Kelly,Povey,kpovey,843-548-8774,(655) 239-8586,milton_kshlerin42@hotmail.com
Jokubas Hackett,Jokubas,Hackett,jhackett,609-801-1896,(934) 491-7027,mathew_morissette17@gmail.com
Zakariya Norman,Zakariya,Norman,znorman,373-632-6565,(658) 444-4039,gilberto.schultz@gmail.com
Zayyan Wardle,Zayyan,Wardle,zwardle,205-425-5577,(533) 615-4283,dawn.farrell16@gmail.com
Harun Howell,Harun,Howell,hhowell,423-484-7592,(699) 886-9408,wilburn.hackett@hotmail.com
Komal Baird,Komal,Baird,kbaird,822-991-0262,(506) 988-9112,clovis_yost@hotmail.com
Kelsey Fry,Kelsey,Fry,kfry,498-347-3796,(243) 976-1842,marilou_emard@gmail.com
Tayyib Fountain,Tayyib,Fountain,tfountain,554-501-7467,(761) 753-5079,scottie.block38@yahoo.com
Carwyn Bloom,Carwyn,Bloom,cbloom,675-771-2862,(620) 365-4821,camren.toy@yahoo.com
Ursula Mack,Ursula,Mack,umack,907-862-5903,(955) 275-9298,elwyn_moore@hotmail.com
Dale Chen,Dale,Chen,dchen,584-714-7963,(977) 893-5493,karolann_lueilwitz@hotmail.com
Deen Moon,Deen,Moon,dmoon,931-874-9476,(641) 285-9806,zander.bogisich86@yahoo.com
Layla-Rose Palacios,Layla-Rose,Palacios,lpalacios,612-298-8745,(570) 311-3902,christian_gleason1@gmail.com
Bianca Spears,Bianca,Spears,bspears,605-562-9725,(618) 951-2058,milo93@yahoo.com
Hassan Baldwin,Hassan,Baldwin,hbaldwin,785-228-3277,(936) 911-8332,pablo.mosciski97@gmail.com
Ellen Webber,Ellen,Webber,ewebber,645-760-9105,(330) 712-9783,nora_torphy@hotmail.com
Hafsa Wynn,Hafsa,Wynn,hwynn,692-821-8488,(299) 604-5420,alford_collier@gmail.com
Shuaib Dowling,Shuaib,Dowling,sdowling,526-917-8577,(576) 390-3984,brian_thompson65@gmail.com
Skye Hanna,Skye,Hanna,shanna,958-427-4661,(903) 647-9378,birdie_wisoky@yahoo.com
Tabatha Mcbride,Tabatha,Mcbride,tmcbride,436-699-5059,(765) 496-6496,vallie.schulist66@hotmail.com
Inaayah Hope,Inaayah,Hope,ihope,461-455-9026,(237) 538-4976,hazel_runolfsson92@gmail.com
Braydon Gonzalez,Braydon,Gonzalez,bgonzalez,458-835-9356,(780) 222-1696,francis.doyle@gmail.com
Savannah Khan,Savannah,Khan,skhan,436-578-4744,(809) 243-6692,abelardo_fay@gmail.com
Sianna Riggs,Sianna,Riggs,sriggs,428-454-4326,(260) 612-6218,elliot.mcdermott@gmail.com
Raphael Hall,Raphael,Hall,rhall,609-663-8151,(241) 886-1465,jannie_gleason@hotmail.com
Markus Prince,Markus,Prince,mprince,635-532-6234,(753) 846-1730,davon.wuckert48@hotmail.com
Ayat Allan,Ayat,Allan,aallan,374-772-5215,(311) 292-6787,josiah_zboncak2@hotmail.com
Santino Moss,Santino,Moss,smoss,625-341-6964,(755) 364-7802,creola_streich@gmail.com
Riaan Salgado,Riaan,Salgado,rsalgado,654-733-4835,(728) 765-8385,alexandrine.schumm16@gmail.com
Layan Singh,Layan,Singh,lsingh,575-833-2376,(934) 671-3553,rubie71@hotmail.com
Larry Gross,Larry,Gross,lgross,707-279-6293,(363) 502-7628,alysa.west@yahoo.com
Nathanial Blevins,Nathanial,Blevins,nblevins,401-940-0806,(223) 910-2617,braulio.ryan@gmail.com
Alby Blankenship,Alby,Blankenship,ablankenship,910-970-4492,(482) 702-1971,abner.mante@yahoo.com
Cherie Rangel,Cherie,Rangel,crangel,892-616-6162,(406) 860-3742,aliza37@hotmail.com
Zayna Flores,Zayna,Flores,zflores,729-885-5351,(383) 722-4509,judy.gibson@yahoo.com
Indiana Alford,Indiana,Alford,ialford,242-676-5139,(763) 415-8691,sonya17@hotmail.com
Amelia Little,Amelia,Little,alittle,605-479-4191,(809) 448-8486,kelvin1@hotmail.com
Adriana Rocha,Adriana,Rocha,arocha,820-887-7090,(605) 817-4033,ofelia.hyatt@hotmail.com
Jevon Craig,Jevon,Craig,jcraig,577-770-5300,(523) 950-2227,astrid_franecki@gmail.com
Arjun Barron,Arjun,Barron,abarron,991-824-9444,(768) 335-4974,delores30@gmail.com
Leigh Marsh,Leigh,Marsh,lmarsh,439-854-1565,(237) 437-2760,orland.kuhic97@hotmail.com
Dave Carty,Dave,Carty,dcarty,975-463-8601,(427) 217-2099,lavina.gleichner73@hotmail.com
Cassandra Walters,Cassandra,Walters,cwalters,523-244-7110,(549) 570-2673,craig_kerluke54@hotmail.com
Mica Baxter,Mica,Baxter,mbaxter,722-635-5203,(320) 724-7298,eleazar.borer@yahoo.com
Maleeha Greer,Maleeha,Greer,mgreer,228-211-2575,(266) 437-5122,edward91@hotmail.com
Lacey-Mae Riddle,Lacey-Mae,Riddle,lriddle,590-598-2613,(551) 794-0318,coralie.kerluke@hotmail.com
Rocky Sawyer,Rocky,Sawyer,rsawyer,831-626-3076,(937) 940-0840,guadalupe24@hotmail.com
Haleema Battle,Haleema,Battle,hbattle,807-719-7589,(369) 854-7679,alf12@hotmail.com
Maegan Adams,Maegan,Adams,madams,614-707-0834,(535) 840-4329,angelica.hermann@hotmail.com
Karim Mcleod,Karim,Mcleod,kmcleod,500-540-3292,(773) 323-8370,odell.donnelly86@hotmail.com
Aniqa Allen,Aniqa,Allen,aallen,462-301-8458,(349) 416-6067,braden_harris56@gmail.com
Annabelle Ho,Annabelle,Ho,aho,898-313-1187,(317) 393-5284,sandra27@hotmail.com
Shaun Hodges,Shaun,Hodges,shodges,238-946-9767,(744) 487-1753,jeffery.weimann81@hotmail.com
Calum Mckay,Calum,Mckay,cmckay,735-460-6236,(878) 554-9514,leonora91@yahoo.com
Tierney Lang,Tierney,Lang,tlang,334-624-8163,(749) 242-6843,justina.robel24@yahoo.com
Huseyin Savage,Huseyin,Savage,hsavage,615-984-0909,(847) 242-7865,taurean.altenwerth38@gmail.com
Ayrton Charlton,Ayrton,Charlton,acharlton,809-683-5259,(307) 716-2128,dustin_stanton@yahoo.com
Beatriz Handley,Beatriz,Handley,bhandley,909-359-4755,(906) 535-3478,estevan6@yahoo.com
Mischa Kinney,Mischa,Kinney,mkinney,915-658-1438,(693) 663-5326,emilie.stracke@yahoo.com
Dani Vazquez,Dani,Vazquez,dvazquez,573-333-3524,(366) 523-0603,vance57@yahoo.com
Aminah Rogers,Aminah,Rogers,arogers,835-473-7716,(621) 802-2275,eliseo_mohr71@hotmail.com
Kareena Valentine,Kareena,Valentine,kvalentine,500-586-2042,(530) 526-4847,jackeline4@yahoo.com
Jaimee Bennett,Jaimee,Bennett,jbennett,714-327-1770,(510) 440-7084,estel_breitenberg@yahoo.com
Gene Mcnamara,Gene,Mcnamara,gmcnamara,366-205-3906,(976) 700-7385,heber10@yahoo.com
Gino Harrington,Gino,Harrington,gharrington,693-819-6280,(641) 814-9285,maia.kilback7@hotmail.com
Reanna Smart,Reanna,Smart,rsmart,245-922-6074,(905) 329-9917,alaina.heller63@hotmail.com
Falak Friedman,Falak,Friedman,ffriedman,503-656-9661,(780) 476-7807,mae.frami45@hotmail.com
Sophia Cope,Sophia,Cope,scope,884-390-1798,(273) 849-5186,velma.thiel@hotmail.com
Saad Kearney,Saad,Kearney,skearney,525-929-0574,(375) 523-2465,austyn.wyman69@gmail.com
Esmay Childs,Esmay,Childs,echilds,778-299-5830,(318) 671-6166,juvenal.mosciski87@gmail.com
Susie Mcfarlane,Susie,Mcfarlane,smcfarlane,614-508-4615,(310) 736-3986,cary_vandervort@yahoo.com
Avleen Giles,Avleen,Giles,agiles,316-592-5515,(641) 907-5422,horacio64@hotmail.com
Emillie Stone,Emillie,Stone,estone,657-828-0343,(494) 776-6491,jermain85@hotmail.com
Kayne Orr,Kayne,Orr,korr,604-265-8931,(749) 927-7489,vincent22@yahoo.com
Abraham Ward,Abraham,Ward,award,916-636-4110,(225) 880-4039,gussie.kautzer31@yahoo.com
Annette Beil,Annette,Beil,abeil,569-878-5015,(499) 846-1970,erik_boyle@yahoo.com
Emme Wills,Emme,Wills,ewills,216-899-8265,(925) 709-4943,freeman_satterfield@hotmail.com
Diya Nixon,Diya,Nixon,dnixon,350-861-8233,(348) 601-0632,tristian44@gmail.com
Mai Nicholls,Mai,Nicholls,mnicholls,219-751-1043,(890) 932-6711,cydney49@hotmail.com
Aneesah Hussain,Aneesah,Hussain,ahussain,479-749-3157,(950) 701-6985,steve_skiles51@gmail.com
Olivier Hampton,Olivier,Hampton,ohampton,352-726-3887,(730) 534-3260,delores73@yahoo.com
Juanita Monaghan,Juanita,Monaghan,jmonaghan,490-792-7757,(691) 653-8619,ari10@gmail.com
Branden Arroyo,Branden,Arroyo,barroyo,827-415-7530,(657) 822-7764,leo12@yahoo.com